name,class,VIP,ttest_p,utest_p,FC,fdr_adjust_ttest_p,bonferroni_adjust_utest_p,log2FoldChange,pvalue
L-Adrenaline,Benzenoids,1.045983187,0.000380079,0.0003108,2.646625196,0.009465908,0.384149184,1.404153901,0.000380079
Phenylacetaldehyde,Benzenoids,1.491648246,0.000970271,0.000621601,1.799876378,0.013944825,0.768298368,0.84789782,0.000970271
Bis(2-ethylhexyl) phthalate,Benzenoids,1.413436112,0.016641541,0.001243201,1.49727806,0.063426431,1,0.58234217,0.016641541
BMP 42:10|BMP 20:4_22:6,BMP,1.08534529,0.015754983,0.020512821,2.243408914,0.061236347,1,1.165692609,0.015754983
BMP 36:3|BMP 18:1_18:2,BMP,1.115582784,0.022718526,0.028904429,1.696475407,0.075001657,1,0.762540516,0.022718526
BMP 42:9|BMP 20:4_22:5,BMP,1.227055175,0.028410362,0.028904429,2.395222002,0.084819341,1,1.260159379,0.028410362
CAR 17:0,CAR,0.932125738,0.000687364,0.003729604,2.45827358,0.011178715,1,1.297645481,0.000687364
CAR 16:0,CAR,1.273839677,0.003450994,0.002175602,3.163284783,0.029655349,1,1.661423444,0.003450994
CAR 14:1,CAR,0.991103262,0.006879287,0.009324009,2.171634672,0.038825565,1,1.118781423,0.006879287
CAR 19:0,CAR,1.628374321,0.007644983,0.002085412,3.018722425,0.040978247,1,1.593938105,0.007644983
CAR 18:1,CAR,1.05679628,0.010766618,0.013986014,2.371565658,0.049470408,1,1.24583981,0.010766618
CAR 20:0,CAR,1.248810245,0.012884157,0.023525599,1.924068407,0.0542516,1,0.944160092,0.012884157
CAR 15:0,CAR,1.423845967,0.014281859,0.0003108,4.304901015,0.057499603,0.384149184,2.105980065,0.014281859
CAR 20:2,CAR,1.162729534,0.020853516,0.017268872,3.115451502,0.071796505,1,1.639441259,0.020853516
CAR 18:0,CAR,0.929886414,0.021067925,0.009324009,1.906725428,0.072132839,1,0.931097108,0.021067925
CAR 18:2,CAR,1.03253233,0.031846016,0.055977451,2.635186514,0.091326394,1,1.397905077,0.031846016
CAR 22:1,CAR,1.098116267,0.034694959,0.054079254,2.169170618,0.097020293,1,1.117143534,0.034694959
CAR 14:0,CAR,1.041828195,0.039909929,0.04009324,2.067757475,0.106772019,1,1.048066983,0.039909929
CE 20:5,CE,1.330575011,0.007658556,0.009324009,0.516055012,0.040978247,1,-0.954403227,0.007658556
CE 16:1,CE,1.148532032,0.033437988,0.028904429,0.52185701,0.094359253,1,-0.938273537,0.033437988
CE 20:3,CE,1.187982643,0.042411585,0.020512821,0.491404872,0.111014525,1,-1.025015934,0.042411585
Cer 46:6;O2|Cer 18:1;O2/28:5,Cer,1.422167783,0.001769277,0.0003108,6.033295613,0.020248387,0.384149184,2.592946272,0.001769277
Cer 40:1;O2|Cer 18:1;O2/22:0,Cer,1.358404083,0.012014835,0.013986014,1.272172386,0.052289917,1,0.347294177,0.012014835
Cer 36:1;O2|Cer 18:1;O2/18:0,Cer,1.277385994,0.012631848,0.005905206,1.394458814,0.053652799,1,0.479705325,0.012631848
Cer 39:1;O2|Cer 18:1;O2/21:0,Cer,1.141001993,0.026768367,0.028904429,1.329907707,0.081837709,1,0.411326129,0.026768367
Cer 52:7;O3|Cer 18:1;O2/34:6;O,Cer,1.258983235,0.049031043,0.054079254,1.494367102,0.122347099,1,0.5795346,0.049031043
CL 72:7|CL 36:3_36:4,CL,1.783409998,8.02E-05,0.0003108,1.544177764,0.004310654,0.384149184,0.626838844,8.02E-05
CL 72:8|CL 18:2_18:2_18:2_18:2,CL,1.703486721,0.00010633,0.0003108,1.496297864,0.004693708,0.384149184,0.581397397,0.00010633
CL 72:6|CL 16:0_20:3_18:1_18:2,CL,1.646028527,0.000964241,0.001243201,1.366996168,0.013944825,1,0.451009199,0.000964241
CL 82:15|CL 18:0_20:3_22:6_22:6,CL,1.073630114,0.009059279,0.013986014,1.337445938,0.04442925,1,0.419480576,0.009059279
CL 84:1|CL 18:0_24:0_24:0_18:1,CL,1.333342763,0.017329762,0.04009324,1.432842395,0.064907835,1,0.518879929,0.017329762
CL 70:5|CL 16:0_18:2_18:1_18:2,CL,1.303059582,0.02066891,0.054079254,1.212545566,0.071760598,1,0.278038963,0.02066891
CL 84:0|CL 18:0_20:0_22:0_24:0,CL,1.18640943,0.021477055,0.028904429,1.406175882,0.072927582,1,0.491777055,0.021477055
CL 85:4|CL 17:0_18:0_28:0_22:4,CL,1.229313304,0.022353214,0.020512821,1.36595968,0.074381003,1,0.449914899,0.022353214
CL 72:10|CL 14:1_18:1_20:4_20:4,CL,1.199887288,0.025383729,0.042658104,1.520309423,0.079788424,1,0.60436498,0.025383729
CL 71:1|CL 14:0_18:0_18:0_21:1,CL,1.096608755,0.033958771,0.028904429,1.087367573,0.095610572,1,0.12083971,0.033958771
DG 52:1,DG,1.352903986,0.000891445,0.001243201,2.613096835,0.013602798,1,1.385760588,0.000891445
DG 34:2|DG 16:1_18:1,DG,1.547773245,0.001918532,0.003729604,1.58607721,0.020800926,1,0.665463003,0.001918532
DG 34:3|DG 16:1_18:2,DG,1.554219087,0.00265613,0.002175602,1.938893491,0.025449434,1,0.955233554,0.00265613
DG 24:2,DG,1.517766894,0.003398362,0.003729604,2.528028366,0.029655349,1,1.338012652,0.003398362
DG 38:2|DG 18:1_20:1,DG,1.316605076,0.008407202,0.009324009,1.472006185,0.043032386,1,0.557783733,0.008407202
DG 37:1|DG 19:0_18:1,DG,1.467047574,0.009415341,0.003729604,1.727558176,0.045106051,1,0.788734295,0.009415341
DG 32:2|DG 14:0_18:2,DG,1.444310281,0.013997901,0.013986014,1.689758064,0.056662211,1,0.756816699,0.013997901
DG 50:1,DG,1.19875656,0.017580852,0.04009324,1.638833722,0.065227946,1,0.712669484,0.017580852
DG 36:3|DG 18:1_18:2,DG,1.307944667,0.022359079,0.028904429,1.722172522,0.074381003,1,0.784229675,0.022359079
DG 35:1|DG 17:0_18:1,DG,1.34741601,0.027258256,0.013986014,1.396567626,0.082779371,1,0.481885435,0.027258256
DG 52:2,DG,0.986991253,0.039640001,0.054079254,1.826818252,0.106308472,1,0.869333109,0.039640001
SPB 18:0;O2,DHSph,1.078048245,0.019877523,0.013986014,2.174585368,0.070599478,1,1.120740346,0.019877523
FA 17:1,FA,1.3733793,0.001416558,0.003729604,2.15179129,0.017464012,1,1.105538152,0.001416558
FA 19:1,FA,1.441046367,0.005136113,0.012761159,1.906566309,0.034704391,1,0.930976708,0.005136113
FA 18:3,FA,1.418193466,0.005521113,0.017571067,2.080879434,0.036255954,1,1.057193378,0.005521113
FA 18:2,FA,0.980322691,0.008871232,0.009324009,2.2693976,0.04442925,1,1.182309392,0.008871232
FA 18:4,FA,1.411062644,0.009912686,0.023901798,2.008559853,0.046763662,1,1.006161453,0.009912686
FA 18:0(2OH),FA,1.30684599,0.014744011,0.020512821,1.35728816,0.0587858,1,0.440727046,0.014744011
FA 18:4;O,FA,0.945686833,0.015395902,0.020512821,1.945454201,0.060410586,1,0.960107017,0.015395902
FA 14:1;O2,FA,1.011700879,0.018386306,0.04009324,0.492526517,0.067036796,1,-1.021726696,0.018386306
FA 14:0;O,FA,1.135066143,0.024354025,0.013986014,0.456623277,0.077983356,1,-1.130923689,0.024354025
FA 20:2;O,FA,1.042160101,0.025668343,0.054079254,1.898522795,0.080116342,1,0.924877321,0.025668343
FA 18:2;O,FA,0.859837585,0.029815964,0.054079254,1.793772916,0.087861917,1,0.842997262,0.029815964
FA 20:2,FA,0.867740833,0.031430001,0.020512821,1.81626705,0.090553568,1,0.860976341,0.031430001
FA 20:4,FA,0.609069245,0.033203969,0.072105672,1.815368399,0.093913285,1,0.860262349,0.033203969
FA 18:1;O2,FA,0.902267033,0.045298648,0.020512821,0.574464302,0.116644019,1,-0.799710849,0.045298648
Phosphate,Homogeneous non-metal compounds,1.314571291,0.006322723,0.009324009,1.19479484,0.037936337,1,0.256762912,0.006322723
Dodecane,Hydrocarbons,1.599377318,0.004382638,0.003729604,1.617270767,0.031131842,1,0.693561238,0.004382638
Tetradecane,Hydrocarbons,1.096862218,0.00822325,0.002175602,1.638844118,0.042655183,1,0.712678636,0.00822325
1-Tetradecene,Hydrocarbons,1.412748128,0.008441341,0.003729604,1.177206691,0.043032386,1,0.235367647,0.008441341
Linoleate,Lipids and lipid-like molecules,1.592899999,2.32E-06,0.0003108,2.919721034,0.00083282,0.384149184,1.545830533,2.32E-06
(EZ)-Eicosenoic acid,Lipids and lipid-like molecules,1.712041917,3.14E-06,0.0003108,2.267680899,0.00083282,0.384149184,1.181217643,3.14E-06
11-Eicosenoic acid,Lipids and lipid-like molecules,1.767602318,4.28E-06,0.0003108,2.610007098,0.00083282,0.384149184,1.38405373,4.28E-06
2-Monoolein,Lipids and lipid-like molecules,1.800397002,1.06E-05,0.0003108,1.732297895,0.001311205,0.384149184,0.792687045,1.06E-05
(9Z)-Octadecenoic acid,Lipids and lipid-like molecules,1.540017156,1.64E-05,0.0003108,2.350689842,0.001828541,0.384149184,1.233084198,1.64E-05
Glyceryl monooleate,Lipids and lipid-like molecules,1.669554609,6.27E-05,0.0003108,3.386691911,0.003977271,0.384149184,1.75987675,6.27E-05
3-Aminopentanedioate,Lipids and lipid-like molecules,1.74510681,0.00011338,0.0003108,2.787884181,0.004832328,0.384149184,1.479170628,0.00011338
Heptadecanoic acid,Lipids and lipid-like molecules,1.702052351,0.00033238,0.0003108,1.930463275,0.009080312,0.384149184,0.948947109,0.00033238
Docosanoic acid,Lipids and lipid-like molecules,1.742877884,0.000592389,0.0003108,1.814375539,0.010749948,0.384149184,0.859473095,0.000592389
Glyceryl Monostearate,Lipids and lipid-like molecules,1.571160422,0.000593633,0.0003108,1.451603751,0.010749948,0.384149184,0.53764769,0.000593633
Tetradecanoic acid,Lipids and lipid-like molecules,1.789530064,0.000614378,0.000621601,1.925151406,0.010749948,0.768298368,0.944971913,0.000614378
"2,5,7,8-Tetramethyl-2-(5,9,13-trimethyltetradecyl)-3,4-dihydro-2h-chromen-6-ol",Lipids and lipid-like molecules,1.203403814,0.000620643,0.002175602,2.285043001,0.010749948,1,1.192221315,0.000620643
Nonadecanoic acid,Lipids and lipid-like molecules,1.682547895,0.000637362,0.0003108,2.664337907,0.010791499,0.384149184,1.413777065,0.000637362
Icosanoic acid,Lipids and lipid-like molecules,1.672947185,0.001067355,0.002175602,1.746857529,0.014823042,1,0.804761949,0.001067355
Nonanoic acid,Lipids and lipid-like molecules,1.520171275,0.001418783,0.003729604,1.402480768,0.017464012,1,0.487980988,0.001418783
Glyceryl palmitate,Lipids and lipid-like molecules,1.23944096,0.002096039,0.0003108,1.611658975,0.022142776,0.384149184,0.688546504,0.002096039
Lauric acid,Lipids and lipid-like molecules,1.622137589,0.002135441,0.000621601,1.396610546,0.022221093,0.768298368,0.481929772,0.002135441
"7-[3,5-Dihydroxy-2-(3-hydroxyoct-1-enyl)cyclopentyl]hept-5-enoic acid",Lipids and lipid-like molecules,1.583177204,0.003006133,0.014997039,1.819865,0.027882362,1,0.863831433,0.003006133
"17-(1,5-Dimethyl-hexyl)-pentamethyl-tetradecahydro-cyclopenta(A)phenanthren-3-OL",Lipids and lipid-like molecules,1.414896868,0.003225972,0.013986014,1.643989488,0.029318394,1,0.717201074,0.003225972
Squalen,Lipids and lipid-like molecules,1.377433886,0.00357528,0.005905206,1.893355928,0.02973103,1,0.920945646,0.00357528
2-O-alpha-L-Mannopyranosyl-D-glyceric acid,Lipids and lipid-like molecules,1.306949109,0.003603047,0.002175602,1.448276433,0.02973103,1,0.534336997,0.003603047
Zymosterol,Lipids and lipid-like molecules,1.229685299,0.003654594,0.009324009,2.457214365,0.02973103,1,1.297023723,0.003654594
Chenodeoxycholate,Lipids and lipid-like molecules,1.517996952,0.003694787,0.000621601,0.48920179,0.02973103,0.768298368,-1.031498411,0.003694787
Squalene,Lipids and lipid-like molecules,1.372494962,0.00410734,0.005905206,1.902964436,0.030582366,1,0.9282486,0.00410734
Arachidonate,Lipids and lipid-like molecules,1.081328549,0.004703633,0.002175602,2.057493486,0.033032328,1,1.040887863,0.004703633
9-Hexadecenoic acid,Lipids and lipid-like molecules,1.625592772,0.00603486,0.0003108,2.89893059,0.037224048,0.384149184,1.535520791,0.00603486
Cholestanol,Lipids and lipid-like molecules,1.054054285,0.006585281,0.020512821,2.573150382,0.038276006,1,1.363535775,0.006585281
8-Iso PROSTAGLANDIN E2,Lipids and lipid-like molecules,1.460907687,0.007615571,0.013986014,1.684242965,0.040978247,1,0.752100273,0.007615571
Galactosylglycerol,Lipids and lipid-like molecules,1.27772607,0.009355972,0.054079254,1.826547096,0.045106051,1,0.869118953,0.009355972
"D-Fructose, 3-O-alpha-D-glucopyranosyl-",Lipids and lipid-like molecules,0.826602938,0.009398525,0.04009324,3.963575988,0.045106051,1,1.986802636,0.009398525
"1,4a-Dimethyl-7-propan-2-yl-2,3,4,9,10,10a-hexahydrophenanthrene-1-carboxylic acid",Lipids and lipid-like molecules,1.452650835,0.010103128,0.009324009,1.224594092,0.047122515,1,0.292303628,0.010103128
Palmitoleic acid,Lipids and lipid-like molecules,1.59030413,0.011274395,0.002175602,2.850948792,0.05048968,1,1.511442126,0.011274395
1-Dodecanol,Lipids and lipid-like molecules,1.526906232,0.012559349,0.0003108,2.864322842,0.053528812,0.384149184,1.51819411,0.012559349
Cholest-4-en-3-one,Lipids and lipid-like molecules,1.218379888,0.015915314,0.04009324,2.117572941,0.061665606,1,1.082411665,0.015915314
Docosahexaenoic acid,Lipids and lipid-like molecules,1.105183741,0.016168353,0.054079254,1.971508256,0.062450265,1,0.979299752,0.016168353
Prostaglandin A2,Lipids and lipid-like molecules,0.972725716,0.018649422,0.013986014,1.789960065,0.06759732,1,0.8399274,0.018649422
Tetracosanoic acid,Lipids and lipid-like molecules,1.555658011,0.023514057,0.0003108,2.668839531,0.076281822,0.384149184,1.416212564,0.023514057
"5,8,11,14-Icosatetraenoic Acid",Lipids and lipid-like molecules,1.282688723,0.025190518,0.020512821,1.186354391,0.079427246,1,0.24653504,0.025190518
Ethylmalonic acid,Lipids and lipid-like molecules,0.860743333,0.029716221,0.009324009,1.538561843,0.087861917,1,0.621582435,0.029716221
Cholestan-3-one,Lipids and lipid-like molecules,1.067252801,0.03461379,0.072105672,1.439961079,0.097012798,1,0.526029817,0.03461379
3-Hydroxymyristic acid,Lipids and lipid-like molecules,0.944729462,0.035839726,0.04009324,2.095447973,0.099100452,1,1.067258702,0.035839726
Azelaic acid,Lipids and lipid-like molecules,1.012781113,0.036299408,0.020512821,1.513179576,0.099924428,1,0.597583209,0.036299408
6-Aminohexanoate,Lipids and lipid-like molecules,1.431768194,0.036696689,0.003729604,11.66476749,0.100612497,1,3.544085646,0.036696689
sn-Glycerol-1-phosphate,Lipids and lipid-like molecules,1.18750915,0.042110302,0.054079254,1.551498865,0.110741135,1,0.633662642,0.042110302
Octadecanol,Lipids and lipid-like molecules,1.341167591,0.042949007,0.001243201,1.830965128,0.111523052,1,0.872604314,0.042949007
"3,4,5,6-Tetrahydroxy-2-[3,4,5-trihydroxy-6-(hydroxymethyl)oxan-2-yl]oxyhexanal",Lipids and lipid-like molecules,1.236036181,0.048972759,0.003729604,2.508777279,0.122347099,1,1.326984398,0.048972759
LPC 22:5,LPC,1.307705735,2.07E-05,0.001445781,7.322587942,0.001828541,1,2.872353615,2.07E-05
LPC 20:0,LPC,1.635598917,0.000325898,0.000621601,2.975006029,0.009080312,0.768298368,1.572892592,0.000325898
LPC 22:1,LPC,1.587594859,0.001188823,0.003139993,2.490478913,0.015756467,1,1.316423195,0.001188823
LPC O-14:0,LPC,1.353470726,0.001427075,0.006345705,3.437526865,0.017464012,1,1.781370988,0.001427075
LPC 20:2/0:0,LPC,1.199454622,0.001504088,0.0003108,2.345616622,0.018087668,0.384149184,1.229967232,0.001504088
LPC 19:0/0:0,LPC,1.067807934,0.001624268,0.001243201,3.000771802,0.018870893,1,1.585333611,0.001624268
LPC 22:6,LPC,1.441853282,0.002393758,0.004434109,2.112599318,0.023860367,1,1.079019167,0.002393758
LPC 17:0/0:0,LPC,1.237584662,0.00298843,0.003729604,3.421257163,0.027882362,1,1.77452655,0.00298843
LPC 21:0/0:0,LPC,1.184719743,0.003378555,0.005905206,2.560102099,0.029655349,1,1.356201347,0.003378555
LPC 18:2,LPC,1.181288467,0.003647304,0.001243201,2.558073161,0.02973103,1,1.355057526,0.003647304
LPC 22:2/0:0,LPC,1.37484335,0.004064257,0.003729604,2.266413453,0.030582366,1,1.18041107,0.004064257
LPC 24:2/0:0,LPC,0.953065317,0.008248049,0.013986014,2.023700367,0.042655183,1,1.016995698,0.008248049
LPC 16:0/0:0,LPC,0.949930859,0.017536691,0.002175602,1.839354302,0.065227946,1,0.879199402,0.017536691
LPC 17:1/0:0,LPC,1.059713416,0.022126673,0.013986014,1.961539262,0.07431676,1,0.971986212,0.022126673
LPC 18:3,LPC,0.976174928,0.025768473,0.055977451,2.040539654,0.08022628,1,1.028950747,0.025768473
LPC 18:1,LPC,0.784862173,0.030487101,0.028904429,1.79476353,0.089082876,1,0.843793773,0.030487101
LPC 20:4/0:0,LPC,0.890813478,0.031144419,0.04009324,1.825784857,0.090553568,1,0.868516774,0.031144419
LPC O-16:1,LPC,0.922354973,0.03126401,0.020512821,1.788149602,0.090553568,1,0.838467442,0.03126401
LPC 20:3/0:0,LPC,1.139576886,0.037785585,0.072105672,1.619326394,0.102418823,1,0.695393807,0.037785585
LPE 20:2,LPE,0.892984111,0.003022845,0.003729604,1.926658801,0.027882362,1,0.946101102,0.003022845
LPE 20:1,LPE,1.40443161,0.003450368,0.002175602,1.529274694,0.029655349,1,0.612847573,0.003450368
LPE 19:0,LPE,0.878383479,0.003735813,0.009324009,2.1527798,0.02973103,1,1.106200759,0.003735813
LPE 20:4,LPE,0.688908133,0.003945305,0.009324009,2.03361027,0.03047748,1,1.024043221,0.003945305
LPE 22:6,LPE,1.086076544,0.004099814,0.012761159,2.638316717,0.030582366,1,1.399617763,0.004099814
LPE 17:0,LPE,0.901865552,0.00430773,0.005905206,2.131542356,0.030972927,1,1.091897724,0.00430773
LPE 20:0,LPE,1.268101183,0.004335207,0.003729604,1.887721118,0.030972927,1,0.916645644,0.004335207
LPE 18:1,LPE,0.785903495,0.005724771,0.013986014,2.145579576,0.036255954,1,1.101367409,0.005724771
LPE O-18:3,LPE,0.704686226,0.00799943,0.013986014,1.874328798,0.042073596,1,0.906374055,0.00799943
LPE O-17:1,LPE,0.890406081,0.008200187,0.002175602,1.834553238,0.042655183,1,0.875428771,0.008200187
LPE 22:4,LPE,0.977642999,0.015058681,0.028904429,1.996576748,0.059464951,1,0.99752853,0.015058681
LPE O-16:2,LPE,1.223054908,0.019587366,0.028904429,1.784544056,0.070173867,1,0.835555518,0.019587366
LPE 16:1,LPE,1.249710919,0.023310178,0.042658104,1.826024093,0.076019473,1,0.868705801,0.023310178
LPE O-20:3,LPE,1.345728804,0.023492072,0.023901798,1.573615198,0.076281822,1,0.654082796,0.023492072
LPE 18:0,LPE,1.10985721,0.024580679,0.005905206,1.749738002,0.078303401,1,0.807138916,0.024580679
LPE 18:2,LPE,1.267324862,0.026749288,0.032123288,1.404143193,0.081837709,1,0.489690068,0.026749288
LPE 20:3,LPE,1.257408025,0.042483714,0.093861694,1.48019457,0.111014525,1,0.565786829,0.042483714
LPE O-20:0,LPE,1.157051796,0.042675334,0.04009324,1.331685594,0.111279985,1,0.413253508,0.042675334
MG 22:4,MG,0.786844279,0.046997882,0.093861694,1.778903658,0.119525477,1,0.830988379,0.046997882
NAE 18:3,NAE,1.166306692,0.00057873,0.0003108,3.069754532,0.010749948,0.384149184,1.618123298,0.00057873
NAE 18:2,NAE,1.364207652,0.000848026,0.002175602,2.503458444,0.013273348,1,1.323922508,0.000848026
NAE 20:5,NAE,1.383862411,0.001011911,0.006488264,2.067146147,0.014212756,1,1.047640391,0.001011911
NAE 20:3,NAE,0.989112654,0.005138272,0.001243201,1.848964845,0.034704391,1,0.886717794,0.005138272
NAE 18:0,NAE,1.138458841,0.005603327,0.001243201,2.486123016,0.036255954,1,1.313897684,0.005603327
NAE 13:0,NAE,1.431332277,0.008570659,0.120590521,14.81085302,0.043397598,1,3.888582828,0.008570659
NAE 20:1,NAE,1.379933258,0.009540778,0.009324009,2.823102148,0.045530508,1,1.497281331,0.009540778
NAE 18:1,NAE,1.048482075,0.010070112,0.003729604,1.992950937,0.047122515,1,0.994906194,0.010070112
NAE 22:4,NAE,1.075631282,0.027383334,0.054079254,2.430187373,0.082864004,1,1.281067553,0.027383334
NAE 20:4,NAE,1.21066228,0.028297405,0.054079254,1.41243563,0.084686665,1,0.49818512,0.028297405
NAE 14:0,NAE,1.21738514,0.034445201,0.093861694,2.193676105,0.0967597,1,1.133350528,0.034445201
NAE 22:5,NAE,1.169747902,0.038596277,0.020512821,4.310781651,0.104159386,1,2.107949489,0.038596277
NAGly 37:3;O2|NAGly 18:1;O(FA 19:1),NAGly,1.57754118,0.001211637,0.003729604,1.856489502,0.01576403,1,0.892577157,0.001211637
NAGly 17:3,NAGly,1.098389354,0.022975219,0.04009324,15.27134137,0.07532459,1,3.932754882,0.022975219
NATau 24:0,NATau,1.579803103,0.001198307,0.001243201,1.516248628,0.015756467,1,0.60050634,0.001198307
NATau 18:0,NATau,1.117805952,0.013093699,0.013986014,3.899012053,0.054687185,1,1.963108615,0.013093699
NATau 22:6,NATau,0.911574569,0.02321788,0.04009324,2.487063796,0.075918783,1,1.314443515,0.02321788
[5-(6-Aminopurin-9-yl)-4-hydroxy-2-(hydroxymethyl)oxolan-3-yl] dihydrogen phosphate,"Nucleosides, nucleotides, and analogues",1.642519584,4.42E-06,0.0003108,2.063922271,0.00083282,0.384149184,1.045388638,4.42E-06
Guanosine,"Nucleosides, nucleotides, and analogues",1.628176988,9.82E-05,0.0003108,3.912762226,0.004647132,0.384149184,1.968187442,9.82E-05
"2-(6-Aminopurin-9-yl)-5-(hydroxymethyl)oxolane-3,4-diol","Nucleosides, nucleotides, and analogues",1.61231803,0.0008754,0.005905206,1.59225475,0.013524937,1,0.671071176,0.0008754
Purine riboside,"Nucleosides, nucleotides, and analogues",1.495361017,0.001304946,0.0003108,1.96699674,0.016627969,0.384149184,0.975994566,0.001304946
Pseudouridine,"Nucleosides, nucleotides, and analogues",1.406715906,0.003396657,0.0003108,1.953693383,0.029655349,0.384149184,0.966204066,0.003396657
5-Methyluridine,"Nucleosides, nucleotides, and analogues",1.374438039,0.004806678,0.003729604,1.472908353,0.033565278,1,0.558667666,0.004806678
Uridine,"Nucleosides, nucleotides, and analogues",1.296480751,0.019831479,0.020512821,1.444678991,0.070599478,1,0.530748961,0.019831479
Arabinosylhypoxanthine,"Nucleosides, nucleotides, and analogues",1.187272707,0.045602073,0.013986014,5.104473868,0.117181211,1,2.351762266,0.045602073
Adenosine monophosphate,"Nucleosides, nucleotides, and analogues",1.150393776,0.047480691,0.013986014,1.676820459,0.120074684,1,0.745728225,0.047480691
Uridine 5'-diphospho-N-acetylglucosamine,"Nucleosides, nucleotides, and analogues",1.172220285,0.047570119,0.072105672,1.251120722,0.120074684,1,0.323221004,0.047570119
5'-AMP monohydrate,"Nucleosides, nucleotides, and analogues",1.149918337,0.047595533,0.013986014,1.676680861,0.120074684,1,0.745608113,0.047595533
DL-Pipecolic acid,Organic acids,1.696154592,0.000101515,0.0003108,1.505095432,0.004647132,0.384149184,0.589854965,0.000101515
Methanolphosphate,Organic acids,1.493773087,0.000848377,0.0003108,1.792471597,0.013273348,0.384149184,0.841950259,0.000848377
L-Pipecolate,Organic acids,1.35567387,0.001081511,0.000621601,1.639129745,0.014852758,0.768298368,0.712930055,0.001081511
N-Ethylglycine,Organic acids,1.365524697,0.004230239,0.009324009,1.742216857,0.030972927,1,0.80092421,0.004230239
DL-Homoserine,Organic acids,1.336930407,0.004258923,0.020512821,1.594227314,0.030972927,1,0.672857351,0.004258923
L-Isoleucine,Organic acids,1.300178133,0.005092225,0.002175602,1.268057863,0.034704391,1,0.342620579,0.005092225
Fumarate,Organic acids,1.348534878,0.007515224,0.003729604,1.436506744,0.040978247,1,0.522564766,0.007515224
Butenedioic acid,Organic acids,1.35559962,0.00811892,0.003729604,1.46759209,0.042521124,1,0.553451034,0.00811892
DL-Alanine,Organic acids,1.32043924,0.008955242,0.009324009,1.191575883,0.04442925,1,0.25287083,0.008955242
Creatine,Organic acids,1.227602364,0.011026825,0.003729604,1.384037587,0.050478353,1,0.468883124,0.011026825
Isoleucine,Organic acids,1.323671406,0.01126002,0.009324009,1.685766593,0.05048968,1,0.753404798,0.01126002
2-Hydroxybutanoic acid,Organic acids,1.388519276,0.01126743,0.028904429,1.707223181,0.05048968,1,0.77165167,0.01126743
L-Tyrosine,Organic acids,0.803480194,0.01165096,0.005905206,1.807927704,0.051430665,1,0.854336988,0.01165096
3-Hydroxybutyric acid,Organic acids,1.369195447,0.012136509,0.003729604,1.619505676,0.052634123,1,0.695553525,0.012136509
Glycine,Organic acids,1.533434285,0.013781476,0.000621601,1.884597578,0.056032581,0.768298368,0.914256495,0.013781476
beta-Alanine,Organic acids,1.321315111,0.016727781,0.028904429,1.688916425,0.063426431,1,0.756097939,0.016727781
L-Asparagine,Organic acids,1.304818578,0.016770465,0.009324009,1.594734379,0.063426431,1,0.673316147,0.016770465
N-Carbamoylglutamic acid,Organic acids,1.17840639,0.02041511,0.020512821,1.499529607,0.071481802,1,0.584510007,0.02041511
L-Gulonate,Organic acids,1.052984349,0.020950761,0.054079254,1.527234912,0.071930946,1,0.610921988,0.020950761
DL-Leucine,Organic acids,1.472989527,0.021131238,0.001243201,1.998875625,0.07214975,1,0.999188706,0.021131238
N-Acetyl-DL-serine,Organic acids,1.288628469,0.021614392,0.002175602,1.702385906,0.073192846,1,0.767558112,0.021614392
L-Methionine,Organic acids,1.246013789,0.022816038,0.020512821,1.296334786,0.075001657,1,0.374438351,0.022816038
2-(Methylamino)pentanedioic acid,Organic acids,1.556142261,0.024274938,0.0003108,1.974792628,0.077983356,0.384149184,0.981701165,0.024274938
L-Valine,Organic acids,0.989478158,0.024902626,0.020512821,1.157980457,0.078756155,1,0.211610906,0.024902626
L-Aspartate,Organic acids,1.350256434,0.026023185,0.020512821,1.377976222,0.080613174,1,0.462550993,0.026023185
DL-Aspartic acid,Organic acids,1.24840418,0.026178956,0.093861694,1.094605445,0.080892975,1,0.130410938,0.026178956
Ethanolamine phosphate,Organic acids,1.124801729,0.027557189,0.028904429,1.250998389,0.083074842,1,0.323079932,0.027557189
Glycylglycine,Organic acids,1.148323368,0.030871724,0.028904429,1.398946339,0.089993989,1,0.484340625,0.030871724
L-Alanyl-L-alanine,Organic acids,0.93460263,0.036712165,0.054079254,1.220766361,0.100612497,1,0.287787113,0.036712165
L-Leucine,Organic acids,0.891169487,0.036938827,0.04009324,0.622249103,0.101009712,1,-0.68443585,0.036938827
Ethanolamine,Organic nitrogen compounds,1.508818159,0.000405838,0.0003108,1.389850886,0.009465908,0.384149184,0.474930108,0.000405838
Putrescine,Organic nitrogen compounds,1.340181145,0.006047021,0.002175602,1.720856818,0.037224048,1,0.783127065,0.006047021
Spermidine,Organic nitrogen compounds,1.517774354,0.015510184,0.009324009,0.441262893,0.06047504,1,-1.180289663,0.015510184
2-(Methylamino)Ethanol,Organic nitrogen compounds,0.918534331,0.026907985,0.028904429,1.236149371,0.081916919,1,0.305853083,0.026907985
Cadaverine,Organic nitrogen compounds,0.93201161,0.037176368,0.054079254,1.220155461,0.101434858,1,0.287064975,0.037176368
Aldohexose,Organic oxygen compounds,1.765781714,6.07E-05,0.0003108,1.647741817,0.003977271,0.384149184,0.720490205,6.07E-05
Maltose,Organic oxygen compounds,1.631415714,9.08E-05,0.0003108,3.918937201,0.004647132,0.384149184,1.970462455,9.08E-05
D-Cellobiose,Organic oxygen compounds,1.578520389,0.000151156,0.001243201,4.514963459,0.005657095,1,2.174714311,0.000151156
Xylitol,Organic oxygen compounds,1.585758941,0.000188105,0.0003108,2.590773291,0.006283731,0.384149184,1.373382776,0.000188105
Glycerol,Organic oxygen compounds,1.508810505,0.000405901,0.0003108,1.389832954,0.009465908,0.384149184,0.474911494,0.000405901
"Fructose-2,6-diphosphate",Organic oxygen compounds,1.410902318,0.000462716,0.0003108,2.135143199,0.010408926,0.384149184,1.094332831,0.000462716
D-Erythrose,Organic oxygen compounds,1.391187472,0.000593154,0.0003108,1.692779503,0.010749948,0.384149184,0.759394064,0.000593154
D-myo-Inositol 4-phosphate,Organic oxygen compounds,1.293024762,0.000965849,0.0003108,1.818591093,0.013944825,0.384149184,0.862821192,0.000965849
beta-D-Fructose 6-phosphate,Organic oxygen compounds,1.39172175,0.000984144,0.002175602,1.549712629,0.013981633,1,0.632000714,0.000984144
Pentitol,Organic oxygen compounds,1.526569921,0.001863303,0.001243201,1.828759339,0.020395814,1,0.870865232,0.001863303
beta-Maltose,Organic oxygen compounds,1.344280544,0.002237174,0.005905206,6.108526079,0.022665141,1,2.610824315,0.002237174
D-Fructose 1-phosphate,Organic oxygen compounds,1.362717804,0.002600845,0.001243201,1.575783743,0.025114411,1,0.656069557,0.002600845
D-Galactose,Organic oxygen compounds,1.306355994,0.003386303,0.000621601,1.291357654,0.029655349,0.768298368,0.368888624,0.003386303
Myo-Inositol,Organic oxygen compounds,1.371785047,0.004037731,0.003729604,1.277146927,0.030582366,1,0.352924507,0.004037731
D-Glucuronic acid,Organic oxygen compounds,1.536620709,0.005411813,0.001243201,1.34080771,0.035847809,1,0.423102351,0.005411813
"Oxolane-2,3,4-triol",Organic oxygen compounds,1.25992384,0.006163406,0.009324009,1.814188231,0.037526948,1,0.85932415,0.006163406
D-Arabinose,Organic oxygen compounds,1.36625908,0.006702416,0.013986014,1.364911479,0.038352716,1,0.448807388,0.006702416
Inositol,Organic oxygen compounds,1.414225359,0.006840228,0.003729604,1.062086245,0.038816048,1,0.086900923,0.006840228
D-Ribonate,Organic oxygen compounds,1.342515459,0.007310058,0.013986014,1.72312285,0.040658018,1,0.785025562,0.007310058
Sedoheptulose,Organic oxygen compounds,1.682613676,0.007551128,0.0003108,1.651524858,0.040978247,0.384149184,0.723798685,0.007551128
Pantothenic acid,Organic oxygen compounds,0.760681159,0.008908148,0.020512821,1.823352894,0.04442925,1,0.866593809,0.008908148
"D-Gluconic acid, delta-lactone",Organic oxygen compounds,1.224496493,0.01324709,0.005905206,1.166037235,0.054944305,1,0.221613858,0.01324709
D-Glucose 1-phosphate,Organic oxygen compounds,0.875309672,0.013476095,0.009324009,2.247025571,0.055521512,1,1.168016542,0.013476095
Methyl beta-D-galactoside,Organic oxygen compounds,1.10337451,0.015368128,0.003729604,1.606851153,0.060410586,1,0.684236295,0.015368128
D-Glucose,Organic oxygen compounds,1.366330083,0.016458759,0.0003108,2.600801443,0.063177099,0.384149184,1.378956261,0.016458759
Maltotriose,Organic oxygen compounds,1.27812602,0.019012518,0.013986014,3.798277755,0.068511581,1,1.925345409,0.019012518
N-Acetyl glucosamine 6-phosphate,Organic oxygen compounds,1.304086904,0.020058876,0.013986014,1.694367843,0.070634674,1,0.760747114,0.020058876
D-Raffinose,Organic oxygen compounds,1.503764584,0.020638837,0.0003108,0.184609296,0.071760598,0.384149184,-2.437452896,0.020638837
2-Deoxypentitol,Organic oxygen compounds,1.170321988,0.022310417,0.013986014,1.379141151,0.074381003,1,0.463770119,0.022310417
1F-beta-D-Fructosylsucrose,Organic oxygen compounds,0.784793988,0.02378563,0.028904429,1.472917209,0.076960835,1,0.55867634,0.02378563
D-Glucosone,Organic oxygen compounds,1.131685001,0.024038689,0.020512821,1.665122756,0.077576552,1,0.73562854,0.024038689
"Butane-1,2,3,4-tetrol",Organic oxygen compounds,1.41385696,0.024308785,0.002175602,5.073253098,0.077983356,1,2.342911136,0.024308785
D-Arabonic acid,Organic oxygen compounds,1.148161338,0.024679186,0.054079254,1.775018097,0.078415101,1,0.827833734,0.024679186
Melibiose,Organic oxygen compounds,1.394124388,0.025434174,0.005905206,2.080666281,0.079788424,1,1.057045589,0.025434174
D-Arabinopyranose,Organic oxygen compounds,0.982208436,0.027420208,0.013986014,1.491989123,0.082864004,1,0.577237018,0.027420208
D-Sorbitol,Organic oxygen compounds,1.250461983,0.02780827,0.028904429,2.633516779,0.083627791,1,1.396990651,0.02780827
L-Rhamnose,Organic oxygen compounds,1.266453487,0.02968412,0.020512821,1.28004682,0.087861917,1,0.356196581,0.02968412
Galactose 1-phosphate,Organic oxygen compounds,1.14699647,0.035501184,0.013986014,1.519073467,0.098384448,1,0.603191645,0.035501184
2-pentulose,Organic oxygen compounds,1.190836997,0.036202016,0.020512821,1.259817395,0.099878775,1,0.333214637,0.036202016
D-Arabitol,Organic oxygen compounds,1.028254852,0.040534741,0.072105672,1.423806313,0.108209374,1,0.509752903,0.040534741
Galactinol,Organic oxygen compounds,1.314089536,0.042076919,0.04009324,1.69290436,0.110741135,1,0.759500471,0.042076919
"2,3,4,5-Tetrahydroxy-6-phosphonooxyhexanoic acid",Organic oxygen compounds,1.155004972,0.042770626,0.028904429,1.734430776,0.111293672,1,0.794462262,0.042770626
Sorbitol 6-phosphate,Organic oxygen compounds,1.363597831,0.046161318,0.003729604,1.608676311,0.117883034,1,0.685874064,0.046161318
L-Sorbinose,Organic oxygen compounds,1.180642288,0.047602423,0.093861694,1.376490312,0.120074684,1,0.460994456,0.047602423
alpha-D-Mannose,Organic oxygen compounds,1.204415361,0.049549445,0.028904429,1.376129275,0.123225583,1,0.460616005,0.049549445
Cytosine,Organoheterocyclic compounds,1.613454658,0.000122327,0.0003108,1.316123761,0.004877314,0.384149184,0.396295158,0.000122327
Adenine,Organoheterocyclic compounds,1.471138771,0.000665996,0.0003108,1.873975286,0.011123931,0.384149184,0.906101927,0.000665996
Thymine,Organoheterocyclic compounds,1.703064752,0.001619147,0.000621601,2.148452041,0.018870893,0.768298368,1.103297573,0.001619147
Conduritol epoxide,Organoheterocyclic compounds,1.43340021,0.00370441,0.003729604,1.561462851,0.02973103,1,0.642898246,0.00370441
Xanthine,Organoheterocyclic compounds,1.336521159,0.006998014,0.009324009,1.862474768,0.039138213,1,0.897220881,0.006998014
2-Pyrrolidinone,Organoheterocyclic compounds,1.254496194,0.011183684,0.020512821,1.286945952,0.05048968,1,0.363951466,0.011183684
Nicotinamide,Organoheterocyclic compounds,1.537125198,0.012904507,0.0003108,2.321269098,0.0542516,0.384149184,1.21491378,0.012904507
Conduritol-beta-epoxide,Organoheterocyclic compounds,1.370533871,0.014028023,0.020512821,1.435265878,0.056662211,1,0.521318016,0.014028023
Hypoxanthine,Organoheterocyclic compounds,1.357892876,0.014670896,0.028904429,2.79053166,0.058683583,1,1.480540014,0.014670896
Levoglucosan,Organoheterocyclic compounds,1.538124848,0.017584199,0.0003108,4.591903949,0.065227946,0.384149184,2.199092465,0.017584199
"1,6-Anhydro-D-galactose",Organoheterocyclic compounds,1.180701835,0.018050556,0.028904429,1.622269843,0.066007359,1,0.698013813,0.018050556
"6-(2,2,2-trifluoroethoxy)nicotinic acid",Organoheterocyclic compounds,1.249937443,0.019121012,0.020512821,1.311206239,0.068702242,1,0.390894624,0.019121012
3-Hydroxypyridine,Organoheterocyclic compounds,1.299365549,0.022741562,0.020512821,1.259063289,0.075001657,1,0.332350804,0.022741562
Erythronic acid lactone,Organoheterocyclic compounds,0.854382703,0.029662748,0.0003108,1.596775424,0.087861917,0.384149184,0.675161421,0.029662748
L-Tryptophan,Organoheterocyclic compounds,1.03091401,0.041864604,0.020512821,1.325097162,0.110565494,1,0.406098148,0.041864604
Diisodecyl phthalate (also known as the production of plastic),Others,1.567986506,0.007819489,0.0003108,0.567334902,0.041480207,0.384149184,-0.817727476,0.007819489
PA 30:0|PA 14:0_16:0,PA,1.567827097,0.005744139,0.009324009,1.504046215,0.036255954,1,0.588848897,0.005744139
PA 34:2|PA 16:0_18:2,PA,1.493273724,0.009780093,0.009324009,1.577403517,0.046493059,1,0.657551764,0.009780093
PA 34:1|PA 16:0_18:1,PA,1.373700463,0.013297383,0.020512821,1.49978326,0.054968448,1,0.584754026,0.013297383
PA 32:0|PA 16:0_16:0,PA,1.388127092,0.017991557,0.04009324,1.33341269,0.066007359,1,0.415123362,0.017991557
PA 36:4|PA 16:0_20:4,PA,1.357790518,0.021438332,0.009324009,1.656666987,0.072927582,1,0.72828363,0.021438332
PA 32:1|PA 16:0_16:1,PA,1.349760811,0.022386515,0.009324009,1.539129008,0.074381003,1,0.622114162,0.022386515
PC O-34:6|PC O-16:2_18:4,PC,1.471407085,0.000597302,0.0003108,0.687200756,0.010749948,0.384149184,-0.541196472,0.000597302
PC 33:2|PC 15:0_18:2,PC,1.490222313,0.003454992,0.003729604,1.499276941,0.029655349,1,0.584266897,0.003454992
PC 37:2|PC 19:0_18:2,PC,1.385126638,0.004301605,0.005905206,1.641359185,0.030972927,1,0.714890984,0.004301605
PC O-34:3|PC O-16:1_18:2,PC,1.29986451,0.005590834,0.013986014,1.305973183,0.036255954,1,0.385125272,0.005590834
PC 37:7|PC 15:1_22:6,PC,1.103344432,0.010037137,0.009324009,2.424598478,0.047122515,1,1.277745852,0.010037137
PC 35:5|PC 15:1_20:4,PC,1.43084375,0.010170757,0.028904429,1.13717344,0.047169494,1,0.185452309,0.010170757
PC 31:0|PC 15:0_16:0,PC,1.283978384,0.0146469,0.005905206,1.264164552,0.058683583,1,0.338184266,0.0146469
PE 34:0|PE 16:0_18:0,PE,1.668534836,0.000156846,0.000621601,1.352729542,0.005657095,0.768298368,0.435873423,0.000156846
PE 38:2|PE 18:1_20:1,PE,1.731204095,0.00016477,0.0003108,1.338682129,0.005657095,0.384149184,0.420813433,0.00016477
PE O-37:1,PE,1.582520568,0.000312943,0.0003108,1.864430828,0.009080312,0.384149184,0.898735273,0.000312943
PE O-35:5|PE O-15:1_20:4,PE,1.696343274,0.00032808,0.001243201,1.411983622,0.009080312,1,0.497723355,0.00032808
PE 38:4|PE 18:0_20:4,PE,1.514000598,0.00083179,0.002175602,1.292243973,0.013273348,1,0.369878474,0.00083179
PE O-36:1|PE O-16:1_20:0,PE,1.439872218,0.002067661,0.002175602,1.440726746,0.022031285,1,0.526796734,0.002067661
PE 38:1|PE 18:0_20:1,PE,1.455291475,0.003317826,0.009324009,1.237050721,0.029655349,1,0.306904654,0.003317826
PE 38:5|PE 18:1_20:4,PE,1.442853305,0.003594508,0.005905206,1.271077442,0.02973103,1,0.346051931,0.003594508
PE 40:2|PE 18:1_22:1,PE,1.457134521,0.005057809,0.009324009,1.284970328,0.034704391,1,0.361735046,0.005057809
PE O-40:3|PE O-18:2_22:1,PE,1.375805916,0.005626632,0.005905206,1.254350778,0.036255954,1,0.326940853,0.005626632
PE 44:5|PE 24:1_20:4,PE,1.342564815,0.005684005,0.013986014,1.302406068,0.036255954,1,0.381179326,0.005684005
PE O-38:3|PE O-18:2_20:1,PE,1.298407133,0.005704031,0.002175602,1.256130881,0.036255954,1,0.328986792,0.005704031
PE 36:3|PE 18:1_18:2,PE,1.469878339,0.005937349,0.013986014,1.213414267,0.037063449,1,0.279072179,0.005937349
PE O-40:2|PE O-18:1_22:1,PE,1.359336876,0.006207859,0.009324009,1.344335116,0.037612324,1,0.426892818,0.006207859
PE 37:2|PE 19:0_18:2,PE,1.271038702,0.006846196,0.013986014,1.554896855,0.038816048,1,0.636818882,0.006846196
PE 36:2|PE 18:1_18:1,PE,1.339590506,0.007368443,0.009324009,1.16511521,0.040658018,1,0.22047262,0.007368443
PE 37:1|PE 19:0_18:1,PE,1.405802869,0.008460251,0.005905206,1.375573472,0.043032386,1,0.460033199,0.008460251
PE O-37:5|PE O-17:1_20:4,PE,1.280030742,0.008915721,0.013986014,1.388919122,0.04442925,1,0.473962593,0.008915721
PE O-43:2|PE O-25:1_18:1,PE,1.334353649,0.009063054,0.003729604,3.721893599,0.04442925,1,1.896036812,0.009063054
PE O-40:9|PE O-18:3_22:6,PE,1.263506911,0.009369973,0.013986014,1.233370703,0.045106051,1,0.302606483,0.009369973
PE O-35:2|PE O-17:1_18:1,PE,1.327629438,0.010189527,0.020512821,1.366930588,0.047169494,1,0.450939986,0.010189527
PE 42:1|PE 24:0_18:1,PE,1.444261788,0.011511958,0.003729604,1.273397471,0.050999212,1,0.348682805,0.011511958
PE 32:0|PE 16:0_16:0,PE,1.273936947,0.012208269,0.013986014,1.2164071,0.05276021,1,0.282626143,0.012208269
PE O-37:3|PE O-19:1_18:2,PE,1.186706572,0.016319792,0.04009324,1.435711222,0.062838826,1,0.521765596,0.016319792
PE O-36:4|PE O-16:1_20:3,PE,1.202365743,0.016949991,0.028904429,1.221182994,0.063777495,1,0.288279404,0.016949991
PE 38:6;O|PE 16:0_22:6;O,PE,0.880764612,0.018555992,0.054079254,1.642290045,0.06745649,1,0.715708944,0.018555992
PE 40:6;O|PE 18:0_22:6;O,PE,0.749719367,0.019962172,0.009324009,1.661513615,0.070634674,1,0.732498115,0.019962172
PE O-36:5|PE O-16:1_20:4,PE,1.163121621,0.020021209,0.013986014,1.099998966,0.070634674,1,0.137502168,0.020021209
PE 42:5|PE 22:1_20:4,PE,1.243236017,0.021892866,0.054079254,1.222886644,0.073731832,1,0.290290679,0.021892866
PE O-34:2|PE O-16:1_18:1,PE,1.297091654,0.024449823,0.028904429,1.081337678,0.078087806,1,0.112817115,0.024449823
PE 36:2|PE 18:0_18:2,PE,1.306684308,0.026009095,0.020512821,1.113233304,0.080613174,1,0.154755974,0.026009095
PE 42:2|PE 18:1_24:1,PE,1.204549354,0.034987751,0.054079254,1.25247655,0.097398333,1,0.324783592,0.034987751
PE 40:1|PE 22:0_18:1,PE,1.167483116,0.039650652,0.072105672,1.205422534,0.106308472,1,0.269538939,0.039650652
PE O-34:3|PE O-16:1_18:2,PE,1.126173915,0.041486869,0.020512821,1.248251425,0.110217788,1,0.319908553,0.041486869
PE 37:5;O2|PE 20:4_17:1;O2,PE,1.293543774,0.041643776,0.054079254,1.247145238,0.110217788,1,0.318629486,0.041643776
PE 35:3;O2|PE 18:2_17:1;O2,PE,0.607442213,0.043787715,0.028904429,1.480084563,0.112988759,1,0.565679605,0.043787715
PE 36:1|PE 18:0_18:1,PE,1.223114042,0.046984027,0.054079254,1.124156803,0.119525477,1,0.168843284,0.046984027
PE O-39:2|PE O-19:1_20:1,PE,0.96861162,0.049097218,0.189277389,1.469252222,0.122347099,1,0.55508208,0.049097218
PEtOH 34:2|PEtOH 16:0_18:2,PEtOH,1.323286704,0.037423686,0.020512821,4.862089415,0.101660825,1,2.281576425,0.037423686
PEtOH 32:1|PEtOH 16:0_16:1,PEtOH,1.236291556,0.048616172,0.028904429,4.088313364,0.121885576,1,2.031505781,0.048616172
PG 38:7|PG 18:2_20:5,PG,0.911406874,0.005922937,0.009324009,2.160870712,0.037063449,1,1.111612756,0.005922937
PG 36:5|PG 18:2_18:3,PG,1.453971595,0.006692191,0.012761159,1.948596053,0.038352716,1,0.962435049,0.006692191
PG O-36:1|PG O-18:1_18:0,PG,1.286690837,0.013096608,0.028904429,1.342786121,0.054687185,1,0.42522953,0.013096608
PG 40:9|PG 20:4_20:5,PG,1.274865345,0.026444269,0.023901798,1.66750427,0.08130626,1,0.737690456,0.026444269
PG 38:6|PG 18:2_20:4,PG,0.792499977,0.028565407,0.028904429,1.641258182,0.085076729,1,0.714802203,0.028565407
PG 35:2|PG 17:0_18:2,PG,1.080058357,0.032630759,0.028904429,2.153980132,0.092503711,1,1.107004942,0.032630759
PG 40:8|PG 18:2_22:6,PG,0.759780799,0.034783326,0.028904429,1.641979989,0.097047835,1,0.715436545,0.034783326
PG 38:5|PG 18:1_20:4,PG,0.971977995,0.041383745,0.093861694,1.546128629,0.110217788,1,0.628660348,0.041383745
PG 44:9|PG 22:4_22:5,PG,1.123886434,0.041606852,0.04009324,1.702329728,0.110217788,1,0.767510503,0.041606852
Caffeate,Phenylpropanoids and polyketides,1.028260343,0.045739443,0.054079254,1.30449934,0.117290356,1,0.383496214,0.045739443
PI 34:8,PI,1.667800972,0.000402533,0.0003108,0.634118087,0.009465908,0.384149184,-0.657176567,0.000402533
PI 40:7|PI 18:1_22:6,PI,1.173368447,0.000683506,0.0003108,1.883767787,0.011178715,0.384149184,0.913621134,0.000683506
PI 39:4,PI,1.52305345,0.001096575,0.001243201,1.673425224,0.014894137,1,0.742804086,0.001096575
PI 37:4|PI 17:0_20:4,PI,1.079317428,0.003691682,0.013986014,1.977619019,0.02973103,1,0.983764523,0.003691682
PI 37:4,PI,1.506645134,0.004081278,0.003729604,1.551979493,0.030582366,1,0.634109495,0.004081278
PI 38:4|PI 18:0_20:4,PI,1.440338754,0.006596108,0.009324009,1.19427621,0.038276006,1,0.25613654,0.006596108
PI 39:4|PI 19:0_20:4,PI,1.324446863,0.007565724,0.028904429,1.63442217,0.040978247,1,0.708780678,0.007565724
PI 37:7;O|PI 22:6_15:1;O,PI,1.424712201,0.007638301,0.005905206,0.797763598,0.040978247,1,-0.3259668,0.007638301
PI O-38:5|PI O-16:0_22:5,PI,1.42050068,0.007960969,0.020512821,1.296788016,0.042050248,1,0.374942663,0.007960969
PI 36:3|PI 18:1_18:2,PI,1.40868578,0.009834855,0.005905206,1.304309271,0.046574255,1,0.383285995,0.009834855
PI O-36:4|PI O-16:0_20:4,PI,1.377756974,0.012482558,0.005905206,1.379102705,0.053385611,1,0.463729902,0.012482558
PI 38:6|PI 16:0_22:6,PI,1.101841986,0.01497164,0.005905206,1.544712381,0.059310728,1,0.62733824,0.01497164
PI 38:4;O2|PI 18:0_20:4;O2,PI,1.191642821,0.016976372,0.028904429,1.63592885,0.063777495,1,0.710110004,0.016976372
PI 36:4,PI,1.089908639,0.019807798,0.003729604,2.073362922,0.070599478,1,1.051972668,0.019807798
PI 36:5|PI 16:0_20:5,PI,1.263404592,0.020783717,0.054079254,1.3197919,0.071796505,1,0.400310469,0.020783717
PI 36:4|PI 16:0_20:4,PI,0.742339506,0.026815754,0.005905206,1.493554889,0.081837709,1,0.578750258,0.026815754
PI 38:5,PI,1.260907825,0.030182961,0.028904429,1.192503478,0.088613157,1,0.253993474,0.030182961
PI 38:5|PI 18:1_20:4,PI,1.286199462,0.031428971,0.04009324,1.22519041,0.090553568,1,0.29300598,0.031428971
PI O-38:6|PI O-16:0_22:6,PI,1.195139148,0.031921369,0.028904429,1.337678024,0.091330583,1,0.419730905,0.031921369
PI 40:6,PI,1.2070982,0.032535931,0.054079254,1.589934588,0.092446922,1,0.668967413,0.032535931
PI 34:2,PI,1.285625417,0.038323608,0.054079254,1.193712997,0.103649845,1,0.255456012,0.038323608
PI 40:6|PI 18:1_22:5,PI,0.66100812,0.048580211,0.020512821,1.518351458,0.121885576,1,0.602505775,0.048580211
PMeOH 45:4|PMeOH 23:0_22:4,PMeOH,1.3506222,0.002816418,0.003729604,1.344474134,0.026573227,1,0.427042,0.002816418
PS 36:2,PS,1.199068265,0.018883803,0.028904429,1.234615343,0.068246728,1,0.304061625,0.018883803
SL 26:0;O,SL,1.482992953,0.014962979,0.009155378,1.971216249,0.059310728,1,0.979086054,0.014962979
SM 49:3;O2|SM 21:0;O2/28:3,SM,1.607242382,6.44E-05,0.000621601,2.133051567,0.003977271,0.768298368,1.092918843,6.44E-05
SM 37:2;O2|SM 18:1;O2/19:1,SM,1.486146442,0.002139409,0.002175602,1.578678108,0.022221093,1,0.658717036,0.002139409
SM 35:1;O2|SM 21:1;O2/14:0,SM,1.449395912,0.003644925,0.005905206,1.338499844,0.02973103,1,0.420616971,0.003644925
SM 35:2;O2|SM 18:0;O2/17:2,SM,1.2350752,0.005421373,0.002175602,3.345943137,0.035847809,1,1.742412927,0.005421373
SM 45:1;O2|SM 18:1;O2/27:0,SM,1.00907766,0.006252212,0.000621601,1.710237899,0.037696261,0.768298368,0.774197022,0.006252212
SM 43:1;O2|SM 18:1;O2/25:0,SM,1.48404442,0.018049715,0.000621601,1.459486231,0.066007359,0.768298368,0.545460601,0.018049715
SM 38:2;O2|SM 18:2;O2/20:0,SM,1.296677133,0.021729274,0.013986014,1.241230289,0.073380829,1,0.311770808,0.021729274
SM 35:2;O2|SM 21:1;O2/14:1,SM,1.320030197,0.024913962,0.009324009,1.396658723,0.078756155,1,0.481979537,0.024913962
SM 34:1;O2|SM 20:1;O2/14:0,SM,1.261398022,0.025540365,0.013986014,1.313456349,0.079918712,1,0.393368255,0.025540365
SM 34:2;O2|SM 18:2;O2/16:0,SM,1.334362541,0.028234729,0.028904429,1.203889362,0.084686665,1,0.267702813,0.028234729
SM 36:2;O2|SM 18:2;O2/18:0,SM,1.225491495,0.029855991,0.072105672,1.196528765,0.087861917,1,0.258855081,0.029855991
SM 43:6;O2|SM 17:0;O2/26:6,SM,1.187162159,0.031307156,0.082305182,0.402336586,0.090553568,1,-1.313525159,0.031307156
SM 32:2;O2|SM 18:2;O2/14:0,SM,1.321316392,0.048424133,0.020512821,1.585783107,0.121885576,1,0.665195463,0.048424133
SM 39:1;O2|SM 18:1;O2/21:0,SM,1.284908518,0.049738549,0.013986014,1.363057609,0.123447483,1,0.446846539,0.049738549
SPB 20:1;O2,Sph,1.245513051,0.006652992,0.013986014,1.871162919,0.038352716,1,0.903935177,0.006652992
ST 28:2;O;S,SSulfate,1.515667192,0.000945475,0.002144024,1.668628859,0.013944825,1,0.738663103,0.000945475
ST 27:1;O;S,SSulfate,0.668804459,0.002231566,0.003729604,2.004266824,0.022665141,1,1.003074584,0.002231566
ST 29:1;O;S,SSulfate,1.38285526,0.013554738,0.017571067,1.47401414,0.055659988,1,0.559750364,0.013554738
ST 28:1;O;S,SSulfate,0.754205246,0.013733576,0.000621601,1.695423217,0.056022113,0.768298368,0.761645449,0.013733576
ST 27:1;O,ST,1.48255199,0.008602275,0.020512821,1.251212861,0.043397598,1,0.323327247,0.008602275
TG 49:1|TG 15:0_16:0_18:1,TG,1.687083646,2.72E-06,0.0003108,2.311555685,0.00083282,0.384149184,1.208864117,2.72E-06
TG 49:2|TG 16:0_16:1_17:1,TG,1.697878476,2.87E-06,0.0003108,2.818180202,0.00083282,0.384149184,1.494763864,2.87E-06
TG 47:1|TG 15:0_16:0_16:1,TG,1.649058381,5.07E-06,0.0003108,2.599897335,0.00083282,0.384149184,1.378454655,5.07E-06
TG 51:2|TG 16:0_17:0_18:2,TG,1.656518472,5.39E-06,0.0003108,2.367145231,0.00083282,0.384149184,1.243148222,5.39E-06
TG 50:4|TG 16:0_16:1_18:3,TG,1.607844117,7.28E-06,0.0003108,2.630665517,0.000999889,0.384149184,1.395427825,7.28E-06
TG 49:3|TG 15:0_16:1_18:2,TG,1.650701929,1.84E-05,0.0003108,3.027761056,0.001828541,0.384149184,1.598251356,1.84E-05
TG 52:6|TG 16:1_18:2_18:3,TG,1.6898887,2.01E-05,0.0003108,2.583896177,0.001828541,0.384149184,1.369548102,2.01E-05
TG 52:5|TG 16:0_18:2_18:3,TG,1.584159412,3.24E-05,0.0003108,2.121711762,0.002666163,0.384149184,1.085228677,3.24E-05
TG 47:2|TG 14:0_15:0_18:2,TG,1.618517136,3.72E-05,0.0003108,2.852389998,0.002872553,0.384149184,1.51217125,3.72E-05
TG 53:3|TG 17:0_18:1_18:2,TG,1.623101329,4.08E-05,0.0003108,2.260825957,0.002966505,0.384149184,1.176849935,4.08E-05
TG 51:4|TG 16:1_18:1_17:2,TG,1.683897954,7.28E-05,0.0003108,2.96808364,0.004166564,0.384149184,1.569531747,7.28E-05
TG 51:3|TG 16:1_17:1_18:1,TG,1.667768707,7.42E-05,0.0003108,2.591094095,0.004166564,0.384149184,1.373561408,7.42E-05
TG 41:0|TG 12:0_14:0_15:0,TG,1.58687142,9.86E-05,0.000621601,2.932971576,0.004647132,0.768298368,1.55236309,9.86E-05
TG 50:5|TG 14:0_18:2_18:3,TG,1.65472665,0.000120451,0.0003108,3.319928477,0.004877314,0.384149184,1.731152161,0.000120451
TG 53:5|TG 17:0_18:2_18:3,TG,1.129828526,0.000151685,0.0003108,2.723849968,0.005657095,0.384149184,1.445647241,0.000151685
TG 47:3|TG 15:1_16:1_16:1,TG,1.241117786,0.000160685,0.0003108,3.623108675,0.005657095,0.384149184,1.85722808,0.000160685
TG 54:6|TG 16:0_18:2_20:4,TG,1.53338764,0.000208059,0.0003108,1.940188606,0.006767403,0.384149184,0.956196904,0.000208059
TG 52:4|TG 16:1_18:1_18:2,TG,1.552212126,0.000236584,0.0003108,1.716168119,0.007497893,0.384149184,0.779190889,0.000236584
TG 54:7|TG 18:2_18:2_18:3,TG,1.630517493,0.000252634,0.0003108,2.384233087,0.007806398,0.384149184,1.253525283,0.000252634
TG 51:5|TG 15:0_18:2_18:3,TG,1.743809533,0.000274916,0.0003108,3.172954751,0.008287723,0.384149184,1.665826947,0.000274916
TG 54:8|TG 18:2_18:3_18:3,TG,1.565550994,0.00033794,0.002175602,2.135725598,0.009080312,1,1.094726298,0.00033794
TG 50:6|TG 14:1_18:2_18:3,TG,1.542983774,0.000359387,0.0003108,3.133729837,0.009303874,0.384149184,1.647880808,0.000359387
TG 42:0|TG 12:0_14:0_16:0,TG,1.374315607,0.000361316,0.000621601,2.315611527,0.009303874,0.768298368,1.211393243,0.000361316
TG 53:6|TG 17:1_18:2_18:3,TG,1.410264982,0.000397906,0.0003108,2.780972091,0.009465908,0.384149184,1.475589266,0.000397906
TG 48:2|TG 14:0_16:0_18:2,TG,1.441966366,0.00046318,0.000621601,2.345805041,0.010408926,0.768298368,1.230083116,0.00046318
TG 53:2|TG 16:0_19:0_18:2,TG,1.487307604,0.00049091,0.000621601,1.968064686,0.010634289,0.768298368,0.97677764,0.00049091
TG 52:6|TG 16:0_18:3_18:3,TG,1.427190098,0.000495303,0.001243201,2.100831608,0.010634289,1,1.070960527,0.000495303
TG 45:1|TG 14:0_15:0_16:1,TG,1.485286322,0.00049902,0.0003108,2.233616749,0.010634289,0.384149184,1.159381665,0.00049902
TG 54:7|TG 18:1_18:3_18:3,TG,1.35619535,0.000532205,0.000621601,2.306715522,0.010749948,0.768298368,1.205840093,0.000532205
TG 45:2|TG 11:0_16:1_18:1,TG,1.514929108,0.000567059,0.0003108,2.692142795,0.010749948,0.384149184,1.428754934,0.000567059
TG 48:3|TG 14:0_16:1_18:2,TG,1.47896567,0.000582349,0.0003108,2.828388094,0.010749948,0.384149184,1.499980091,0.000582349
TG 50:3|TG 16:0_16:1_18:2,TG,1.407965349,0.000604326,0.000621601,1.925333994,0.010749948,0.768298368,0.945108737,0.000604326
TG 52:7|TG 18:2_18:2_16:3,TG,1.562586475,0.000618492,0.001243201,2.120307225,0.010749948,1,1.084273321,0.000618492
TG 55:4|TG 18:1_19:1_18:2,TG,1.177353017,0.000619999,0.000621601,2.153858154,0.010749948,0.768298368,1.106923242,0.000619999
TG 53:4|TG 17:1_18:1_18:2,TG,1.630099828,0.000626211,0.0003108,2.40308706,0.010749948,0.384149184,1.264888916,0.000626211
TG 51:2|TG 15:0_17:1_19:1,TG,1.359617605,0.00090621,0.0003108,2.04585814,0.013659451,0.384149184,1.032706112,0.00090621
TG 46:1|TG 14:0_16:0_16:1,TG,1.409158002,0.001163851,0.0003108,2.622981136,0.015636091,0.384149184,1.391207432,0.001163851
TG 48:4|TG 16:0_16:0_16:4,TG,1.127338238,0.001255556,0.0003108,2.847986606,0.016165279,0.384149184,1.509942361,0.001255556
TG 55:3|TG 19:0_18:1_18:2,TG,1.434283763,0.001353643,0.001243201,1.932833773,0.017072477,1,0.950717569,0.001353643
TG 46:2|TG 12:0_16:0_18:2,TG,1.466491097,0.001507306,0.0003108,2.987167955,0.018087668,0.384149184,1.578778356,0.001507306
TG 48:1|TG 14:0_16:0_18:1,TG,1.330112808,0.001591009,0.001243201,1.664877734,0.018870893,1,0.735416232,0.001591009
TG 54:5|TG 16:0_18:1_20:4,TG,1.456702656,0.001633645,0.002175602,1.5021845,0.018870893,1,0.587062017,0.001633645
TG 55:5|TG 18:1_19:1_18:3,TG,1.134334358,0.001816045,0.003729604,2.095560319,0.020395814,1,1.067336049,0.001816045
TG 60:3|TG 16:0_24:0_20:3,TG,1.213173088,0.001840023,0.002175602,2.278417089,0.020395814,1,1.188031872,0.001840023
TG 51:1|TG 16:0_17:0_18:1,TG,1.379025089,0.001863198,0.002175602,1.867794168,0.020395814,1,0.901335478,0.001863198
TG 51:3|TG 17:1_17:1_17:1,TG,1.216715046,0.001864666,0.005905206,2.28965437,0.020395814,1,1.195129836,0.001864666
TG 48:4|TG 14:1_16:1_18:2,TG,1.584057799,0.001999975,0.0003108,3.218077559,0.021495388,0.384149184,1.686199097,0.001999975
TG 44:1|TG 12:0_16:0_16:1,TG,1.41414528,0.002229249,0.000621601,3.113470823,0.022665141,0.768298368,1.638523759,0.002229249
TG 44:1|TG 10:0_16:0_18:1,TG,1.138601425,0.002361628,0.005905206,2.259346655,0.02373148,1,1.175905643,0.002361628
TG 54:5;O|TG 18:1_18:2_18:2;O,TG,1.709401992,0.00244314,0.0003108,3.142627368,0.02406183,0.384149184,1.651971217,0.00244314
TG 43:1|TG 9:0_16:0_18:1,TG,1.334949452,0.002452905,0.000621601,3.237179157,0.02406183,0.768298368,1.694737212,0.002452905
TG 58:2|TG 18:0_20:1_20:1,TG,1.12795274,0.002579789,0.002175602,2.223351714,0.025107241,1,1.152736188,0.002579789
TG 43:2|TG 9:0_16:0_18:2,TG,1.487724651,0.002702496,0.0003108,3.403131275,0.025694505,0.384149184,1.766862804,0.002702496
TG 57:4|TG 19:0_18:1_20:3,TG,1.167620376,0.003154059,0.001243201,1.768240065,0.028877159,1,0.822314155,0.003154059
TG 50:2|TG 16:0_16:1_18:1,TG,1.379008521,0.003639832,0.0003108,1.526914367,0.02973103,0.384149184,0.610619155,0.003639832
TG 48:3|TG 14:0_16:0_18:3,TG,1.139941119,0.00375246,0.001243201,2.052812574,0.02973103,1,1.037601912,0.00375246
TG 48:0;O|TG 16:0_16:0_16:0;O,TG,1.766659107,0.003790624,0.001445781,5.409844772,0.029810411,1,2.435587199,0.003790624
TG 44:2|TG 14:0_14:1_16:1,TG,1.738679229,0.003810716,0.001403482,2.897502797,0.029810411,1,1.534810054,0.003810716
TG 52:4;O|TG 16:0_18:2_18:2;O,TG,1.730831166,0.003843873,0.0003108,3.9473753,0.02988067,0.384149184,1.980893691,0.003843873
TG 52:3;O2|TG 16:0_18:1_18:2;O2,TG,1.552508116,0.004031512,0.0003108,4.250916808,0.030582366,0.384149184,2.087774025,0.004031512
TG 55:2|TG 16:0_19:1_20:1,TG,1.096839687,0.004188953,0.003729604,2.122663375,0.030972927,1,1.085875598,0.004188953
TG 55:3|TG 17:0_18:0_20:3,TG,1.174979579,0.004330512,0.009324009,1.970459371,0.030972927,1,0.978532003,0.004330512
TG 52:3|TG 16:0_18:1_18:2,TG,1.458915344,0.004519127,0.001243201,1.431007584,0.031917951,1,0.517031318,0.004519127
TG 50:3;O|TG 16:0_16:1_18:2;O,TG,1.721276776,0.004998267,0.0003108,4.618755073,0.034669754,0.384149184,2.207504044,0.004998267
TG 40:2|TG 10:0_12:0_18:2,TG,1.354293864,0.005020943,0.0003108,3.475194586,0.034669754,0.384149184,1.797093761,0.005020943
TG 56:3|TG 18:0_18:0_20:3,TG,1.231337589,0.005199775,0.003729604,1.646064571,0.03492892,1,0.71902093,0.005199775
TG 58:4|TG 18:1_22:1_18:2,TG,1.383260538,0.005423576,0.003729604,1.451370793,0.035847809,1,0.537416143,0.005423576
TG 50:2;O|TG 16:0_16:0_18:2;O,TG,1.678514565,0.005749326,0.0003108,3.981639606,0.036255954,0.384149184,1.993362643,0.005749326
TG 44:2|TG 10:0_16:0_18:2,TG,1.449702255,0.0060764,0.0003108,3.603087119,0.037224048,0.384149184,1.849233535,0.0060764
TG 62:8|TG 18:0_22:4_22:4,TG,1.542170808,0.006083542,0.001243201,0.284291113,0.037224048,1,-1.814559093,0.006083542
TG 46:3|TG 14:1_16:1_16:1,TG,1.472577116,0.006363479,0.000621601,3.477799314,0.037974516,0.768298368,1.798174684,0.006363479
TG 55:6|TG 18:2_18:2_19:2,TG,1.414953642,0.006390533,0.005905206,1.666012031,0.037974516,1,0.736398819,0.006390533
TG 57:3|TG 21:0_18:1_18:2,TG,1.221502777,0.006502086,0.003729604,1.678157362,0.038276006,1,0.746878005,0.006502086
TG 53:2|TG 17:0_18:0_18:2,TG,1.143084369,0.006528401,0.003729604,1.900791986,0.038276006,1,0.926600659,0.006528401
TG 36:0|TG 10:0_12:0_14:0,TG,1.274043628,0.006594281,0.001243201,4.011259107,0.038276006,1,2.00405516,0.006594281
TG 53:1|TG 17:0_18:0_18:1,TG,0.986311185,0.006988243,0.003729604,2.004128719,0.039138213,1,1.002975171,0.006988243
TG 41:1|TG 13:0_14:0_14:1,TG,1.418626163,0.007363644,0.0003108,4.656009679,0.040658018,0.384149184,2.219094057,0.007363644
TG 40:0|TG 10:0_14:0_16:0,TG,1.414350029,0.007810773,0.0003108,3.665049786,0.041480207,0.384149184,1.873832796,0.007810773
TG 52:5;O|TG 18:2_19:2_15:1;O,TG,1.572906115,0.00834591,0.0003108,4.074312581,0.042981437,0.384149184,2.026556668,0.00834591
TG 42:2|TG 8:0_16:0_18:2,TG,1.172010194,0.00906786,0.0003108,4.291221175,0.04442925,0.384149184,2.101388261,0.00906786
TG 55:2|TG 19:0_18:1_18:1,TG,1.246371741,0.00909695,0.009324009,1.663078035,0.04442925,1,0.733855864,0.00909695
TG 56:3|TG 20:0_18:1_18:2,TG,1.340636883,0.009130283,0.009324009,1.496575806,0.04442925,1,0.581665358,0.009130283
TG 42:1|TG 10:0_16:0_16:1,TG,1.380156514,0.010722393,0.0003108,3.978395187,0.049451035,0.384149184,1.992186591,0.010722393
TG 24:0|TG 8:0_8:0_8:0,TG,1.224211053,0.011170146,0.013986014,0.861008893,0.05048968,1,-0.215899957,0.011170146
TG 53:4|TG 17:0_17:0_19:4,TG,1.082158647,0.01126879,0.020512821,2.297832166,0.05048968,1,1.200273427,0.01126879
TG 56:1|TG 16:0_22:0_18:1,TG,1.051388686,0.011370524,0.028904429,2.617594215,0.050703096,1,1.388241465,0.011370524
TG 58:3|TG 16:0_20:0_22:3,TG,1.0584261,0.011404094,0.003729604,2.051593052,0.050703096,1,1.03674459,0.011404094
TG 54:6;O|TG 18:1_18:2_18:3;O,TG,1.45519143,0.011832767,0.001243201,2.582310925,0.05204733,1,1.36866272,0.011832767
TG 48:1;O|TG 16:0_16:1_16:0;O,TG,1.581418483,0.011990048,0.0003108,8.036706455,0.052289917,0.384149184,3.006604388,0.011990048
TG 38:0|TG 10:0_12:0_16:0,TG,1.349437319,0.012007637,0.000621601,4.874688736,0.052289917,0.768298368,2.285310101,0.012007637
TG 54:4;O|TG 18:1_18:2_18:1;O,TG,1.489055915,0.012369825,0.001243201,3.058575495,0.053272138,1,1.612859887,0.012369825
TG 51:1|TG 16:0_16:0_19:1,TG,1.084583012,0.012458287,0.020512821,1.826153671,0.053385611,1,0.868808173,0.012458287
TG 40:1|TG 10:0_12:0_18:1,TG,1.354782738,0.012828648,0.0003108,4.532448532,0.0542516,0.384149184,2.180290638,0.012828648
TG 56:4|TG 18:1_20:1_18:2,TG,1.344531873,0.013199728,0.028904429,1.284755164,0.0549322,1,0.361493451,0.013199728
TG 50:2;O|TG 16:0_18:1_16:1;O,TG,1.661175035,0.013665921,0.0003108,5.933565499,0.055930724,0.384149184,2.568899286,0.013665921
TG 50:4|TG 14:0_18:1_18:3,TG,0.849606169,0.015498003,0.003729604,1.749384359,0.06047504,1,0.8068473,0.015498003
TG 47:0|TG 15:0_16:0_16:0,TG,1.185608391,0.016700251,0.013986014,1.806283175,0.063426431,1,0.853024085,0.016700251
TG 55:5|TG 19:1_18:2_18:2,TG,1.142870047,0.016780294,0.028904429,2.020602447,0.063426431,1,1.014785499,0.016780294
TG 60:8|TG 18:1_20:3_22:4,TG,1.196475929,0.017626322,0.013986014,0.490440732,0.065227946,1,-1.027849292,0.017626322
TG 52:2|TG 16:0_18:0_18:2,TG,1.26374365,0.017885598,0.020512821,1.371121387,0.065989847,1,0.455356301,0.017885598
TG 50:1;O|TG 16:0_16:0_18:1;O,TG,1.609662465,0.020191212,0.0003108,6.342190163,0.070898686,0.384149184,2.664981136,0.020191212
TG 59:4|TG 18:1_23:1_18:2,TG,1.02001171,0.020504955,0.020512821,1.561961508,0.071593571,1,0.643358901,0.020504955
TG 52:3;O|TG 16:0_18:1_18:2;O,TG,1.585925252,0.020829369,0.0003108,3.886101298,0.071796505,0.384149184,1.958323508,0.020829369
TG 52:2;O|TG 16:0_18:1_18:1;O,TG,1.439455527,0.022791152,0.000621601,5.17276494,0.075001657,0.768298368,2.370935634,0.022791152
TG 50:1|TG 16:0_16:0_18:1,TG,1.154925556,0.02634681,0.020512821,1.319738567,0.081208622,1,0.400252168,0.02634681
TG 64:6|TG 18:1_24:1_22:4,TG,1.049324602,0.030395428,0.04009324,0.597753895,0.089025472,1,-0.74237647,0.030395428
TG 53:1|TG 16:0_19:0_18:1,TG,1.076111262,0.0316005,0.028904429,1.582235086,0.090833064,1,0.661963969,0.0316005
TG 52:5|TG 16:1_18:1_18:3,TG,1.047936139,0.032078527,0.002175602,1.474419356,0.091568267,1,0.560146915,0.032078527
TG 56:2|TG 16:0_16:0_24:2,TG,1.039038364,0.032181377,0.028904429,1.686317789,0.091650189,1,0.75387644,0.032181377
TG 53:4;O2|TG 18:1_18:1_17:2;O2,TG,1.175702061,0.035224455,0.054079254,1.775096304,0.097836914,1,0.827897297,0.035224455
TG 54:4|TG 16:0_18:1_20:3,TG,1.263256098,0.037334077,0.093861694,1.281829073,0.10164079,1,0.358203897,0.037334077
TG 50:3|TG 16:0_16:0_18:3,TG,0.980026968,0.038840306,0.028904429,1.403475808,0.104589582,1,0.489004196,0.038840306
TG 54:2|TG 16:0_20:0_18:2,TG,1.13092439,0.042420852,0.093861694,1.420385712,0.111014525,1,0.506282753,0.042420852
TG 60:9|TG 20:3_20:3_20:3,TG,1.149096535,0.043662806,0.04009324,0.603827407,0.112988759,1,-0.727791855,0.043662806
TG 44:0|TG 14:0_14:0_16:0,TG,0.925578408,0.043707239,0.072105672,1.627602115,0.112988759,1,0.70274806,0.043707239
TG 52:1|TG 18:0_18:0_16:1,TG,0.961667351,0.046121576,0.028904429,1.362439717,0.117883034,1,0.446192397,0.046121576
